	GTAGGGAATTTTCCACAATGGACGAAAGTCTGATGGAGCAACGCCGCGTGCAGGATGAATGCCTTCGGGTTGTAAACTGCTTTTATATGTGACGAATATGACGGTAGCATATGAATAAGGATCGGCTAACTCCGTGCCAGCAGCCGCGGTCATACGGAGGATCCAAGCGTTATCCGGAATTACTGGGCGTAAAGAGTTGCGTAGGTGGCATAGTAAGTAGATAGTGAAAGCGTGGGGAGCAAACAGGA	GTAGGGAATTTTCCACAATGGACGAAAGTCTGATGGAGCAACGCCGCGTGCAGGATGAATGCCTTCGGGTTGTAAACTGCTTTTATATGTGACGATTATGACGGTAGCATATGAATAAGGATCGGCTAACTCCGTGCCAGCAGCCGCGGTCATACGGAGGATCCAAGCGTTATCCGGAATTACTGGGCGTAAAGAGTTGCGTAGGTGGCATTGTAAGCAAGTAGTGAAAGCGTGGGGAGCAAACAGGA	GTAGGGAATTTTCCACAATGGGCGAAAGCCTGATGGAGCAACGCCGCGTGCAGGATGAATGCCTTCGGGTTGTAAACTGCTTTTATATGTGACGATTATGACGGTAGCATATGAATAAGGATCGGCTAACTCCGTGCCAGCAGCCGCGGTCATACGGAGGATCCAAGCGTTATCCGGAATTACTGGGCGTAAAGAGTTGCGTAGGTGGCATAGTAAGCGAGTAGTGAAAGCGTGTGGAGCAAACAGGA	GTAGGGAATTTTCCACAATGGGCGAAAGCCTGATGGAGCAACGCCGCGTGCAGGATGAAGGTTTTAGGATTGTAAACTGCTTTTATCTGTGACGATTATGACGGTAGCAGATGAATAAGGATCGGCTAACTCCGTGCCAGCAGCCGCGGTCATACGGAGGATCCAAGCGTTATCCGGAATTACTGGGCGTAAAGAGTTGCGTAGGTGGTTAAGTAAGTTAATAGTGAAAGCGTGGGGAGCGAACAGGA	GTGAGGAATATTGCACAATGGGCGAAAGCCTGATGCAGCAACGCCGCGTGGAGGACGAAGGCCTTCGGGTTGTAAACTCCTTTTCTGAGGGACGAGGAAGGACGGTACCTCAGGAATAAGTCTCGGCTAACTACGTGCCAGCAGCCGCGGTCATACGGAGGAGGCAAGCGTTATCCGGAATTACTGGGCGTAAAGAGTTGCGTAGGTGGCACAGTGTGTCTGTAGTGAAAGCGTGGGGAGCGAACAGGA	GTAGGGAATTTTCCACAATGGACGAAAGTCTGATGGAGCAACGCCGCGTGCAGGATGAATGCCTTCGGGTTGTAAACTGCTTTTAAGAGTGACGAATATGACGGTAGCTCTTGAATAAGGATCGGCTAACTCCGTGCCAGCAGCCGCGGTCATACGGAGGATCCAAGCGTTATCCGGAATTACTGGGCGTAAAGAGTTGCGTAGGTGGCATCGTAAGTTGGTAGTGAAAGCGTGGGGAGCAAACAGGA	TATGTGACCTCCTACGGGAGGCAGCAGTGGGGAATCTTGCGCAATGCGCGAAAGCGTGACGCAGCAACGCCGCGTGGGGGAAGAAGGCTTTCGGGTTGTAAACCCCTTTCAGTTGGGACGAAGCTTCGGCGGTGGAATGCGTAGAGATCCGGAAGAACACCGGTGGCGAAGGCGGCTCGCTGGGCCGTTGCTGACGCTGAGGCGCGACAGCGTGGGGAGCAAACAGGATTAGAAACCCGGGTAGTCCGA	GCGAGGAATATTGCGCAATGGGCGCAAGCCTGACGCAGTAACGCCGCGTGAGGGAAGAAGGCCTTCGGGTCGTAAACCTCTTTTCGGAGGGACGAGACAGGACGGTACCTCTGGAATAAGTCTCGGCTAACTACGTGCCAGCAGCCGCGGTAAAACGTAGGAGGCGAGCGTTATCCGGATTCACTGGGCGTAAAGCGCGTGTAGGTGGCTCGTCAAGTCGATGGTGAAAGCCAGGGGAGCAAACGGGA	GTAGGGAATTTTCCACAATGGACGAAAGTCTGATGGAGCAACGCCGCGTGCAGGATGAATGCCTTCGGGTTGTAAACTGCTTTTATATGTGACGAATATGACGGTAGCATATGAATAAGGATCGGCTAACTCCGTGCCAGCAGCCGCGGTCATACGGAGGATCCAAGCGTTATCCGGAATTACTGGGCGTAAAGAGTTGCGTAGGTGGCATAGTAAGTAGATAGTGAAAGCGTGGGGAGCGAACAGGA	GTAAGGAATCTTCCACAATGGGGGCAACCCTGATGGAGCAACGCCGCGTGCAGGATGAAGGCCCTCGGGTCGTAAACTGCTTTTATGAGTGAAGAATATGACGGTAACTCATGAATAAGGGTCGGCTAACTACGTGCCAGCAGCCGCGGTCATACGTAGGACCCAAGCGTTATCCGGAGTGACTGGGCGTAAAGAGTTGCGTAGGTGGTCGGTAAAGCAAATAGTGAAATCTGGGGGAGCAAACGGGA	GTAGGGAATTTTCCACAATGGACGAAAGTCTGATGGAGCAACGCCGCGTGCAGGATGAATGCCTTCGGGTTGTAAACTGCTTTTATCTGTGACGATTATGACGGTAGCAGATGAATAAGGATCGGCTAACTCCGTGCCAGCAGCCGCGGTCATACGGAGGATCCAAGCGTTATCCGGAATTACTGGGCGTAAAGAGTTGCGTAGGTGGCACTGTAAGTTGGTAGTGAAAGCGTGGGGAGCAAACAGGA	GTAGGGAATTTTCCACAATGGACGAAAGTCTGATGGAGCAACGCCGCGTGCAGGATGAATGTCTTCGGATTGTAAACTGCTTTTATCTGTGACGAATATGACGGTAGCAGATGAATAAGCCTCGGCTAACTCCGTGCCAGCAGCCGCGGTCATACGGAGGAGGCAAGCGTTATCCGGAATTACTGGGCGTAAAGAGTTGCGTAGGTGGCAAAGTATGTCTGTAGTGAAAGCGTGGGGAGCAAACAGGA	GTAGGGAATTTTCCACAATGGGCGAAAGCCTGATGGAGCAACGCCGCGTGCAGGATGAATGCCTTCGGGTTGTAAACTGCTTTTATATGTGACGATTATGACGGTAGCATATGAATAAGGATCGGCTAACTCCGTGCCAGCAGCCGCGGTCATACGGAGGATCCAAGCGTTATCCGGAATTACTGGGCGTAAAGAGTTGCGTAGGTGGCATTGTAAGTTGATAGTGAAAGCGTGGGGAGCAAACAGGA	GTAGGGAATTTTCCACAATGGGCGAAAGCCTGATGGAGCAACGCCGCGTGCAGGATGAATGCCTTCGGGTTGTAAACTGCTTTTATATGTGACGATTATGACGGTAGCATATGAATAAGGATCGGCTAACTCCGTGCCAGCAGCCGCGGTCATACGGAGGATCCAAGCGTTATCCGGAATTACTGGGCGTAAAGAGTTGCGTAGGTGGCATAGTAAGCGAGTAGTGAAAGCGTGGGGAGCAAACAGGA	GTAGGGAATTTTCCACAATGGACGAAAGTCTGATGGAGCAACGCCGCGTGCAGGATGAATGCCTTCGGGTTGTAAACTGCTTTTATATGTGACGATTTTGACGGTAGCATATGAATAAGGATCGGCTAACTCCGTGCCAGCAGCCGCGGTCATACGGAGGATCCAAGCGTTATCCGGAATTACTGGGCGTAAAGAGTTGCGTAGGTGGCAGAGTAAGTTTGTAGTGAAAGCGTGGGGAGCAAACAGGA	ATGAGGAATATTGCACAATGGGCGAAAGCCTGATGCAGCGACGCCGCGTGGGTGAGGAAGTTCTTCGGAATGTAAAGCCCTTTTGTCGGGGACGATCCAAGACGGTACCCGACGAATAAGCCCCGGCTAACTACGTGCCAGCAGCCGCGGTAATACGTAGGGGGCAAGCGTTGTCCGGATTTACTGGGCGTAAAGAGCGCGTAGGCGGACGTTTAAGTGTGGCCTGAAAGCGTGGGGAGCAAACAGGA
SRR21916202_R1_filtered.fastq.gz	0	0	0	0	0	0	0	0	0	0	0	0	0	0	0	0
SRR21916203_R1_filtered.fastq.gz	0	0	0	0	0	0	0	0	0	0	0	0	0	0	0	0
SRR21916204_R1_filtered.fastq.gz	0	0	0	0	0	0	0	0	0	0	0	0	0	0	0	0
SRR21916205_R1_filtered.fastq.gz	0	0	0	0	0	0	0	0	0	0	0	0	0	0	0	0
SRR21916206_R1_filtered.fastq.gz	0	0	0	0	0	0	0	0	0	0	0	0	0	0	0	0
SRR21916207_R1_filtered.fastq.gz	0	0	0	0	0	0	0	0	0	0	0	0	0	0	0	0
SRR21916208_R1_filtered.fastq.gz	0	0	0	0	0	0	0	0	0	0	0	0	0	0	0	0
SRR21916209_R1_filtered.fastq.gz	0	0	0	0	0	0	0	0	0	0	0	0	0	0	0	0
SRR21916210_R1_filtered.fastq.gz	0	0	3	0	0	0	0	0	0	2	0	0	0	0	0	0
SRR21916211_R1_filtered.fastq.gz	0	0	0	0	0	0	0	0	0	0	0	0	0	0	0	0
SRR21916212_R1_filtered.fastq.gz	0	0	0	0	0	0	0	0	0	0	0	0	0	0	0	0
SRR21916213_R1_filtered.fastq.gz	0	0	0	0	0	0	0	0	0	0	2	0	0	0	0	0
SRR21916214_R1_filtered.fastq.gz	0	0	0	0	0	0	0	0	0	0	0	0	0	0	0	0
SRR21916215_R1_filtered.fastq.gz	0	0	0	0	0	0	0	0	0	0	0	0	0	0	0	0
SRR21916216_R1_filtered.fastq.gz	0	0	0	0	0	0	0	0	0	0	0	0	0	0	0	0
SRR21916217_R1_filtered.fastq.gz	0	0	0	0	0	0	0	0	0	0	0	2	0	0	0	0
SRR21916218_R1_filtered.fastq.gz	6	0	0	0	0	0	0	0	0	0	0	0	0	0	0	0
SRR21916219_R1_filtered.fastq.gz	0	0	0	0	0	0	0	0	0	0	0	0	0	0	0	0
SRR21916220_R1_filtered.fastq.gz	0	0	0	0	0	0	0	0	0	0	0	0	2	0	0	0
SRR21916221_R1_filtered.fastq.gz	0	0	0	0	0	0	0	0	0	0	0	0	0	2	0	0
SRR21916222_R1_filtered.fastq.gz	0	0	0	0	0	0	0	0	0	0	0	0	0	0	0	0
SRR21916223_R1_filtered.fastq.gz	0	0	0	0	0	0	0	0	0	0	0	0	0	0	0	0
SRR21916224_R1_filtered.fastq.gz	0	0	0	3	0	0	0	0	0	0	0	0	0	0	0	0
SRR21916225_R1_filtered.fastq.gz	0	0	0	0	3	0	0	0	0	0	0	0	0	0	0	0
SRR21916226_R1_filtered.fastq.gz	3	0	0	0	0	0	0	0	0	0	0	0	0	0	0	0
SRR21916227_R1_filtered.fastq.gz	0	4	0	0	0	3	0	0	0	0	0	0	0	0	0	0
SRR21916228_R1_filtered.fastq.gz	0	0	0	0	0	0	0	0	0	0	0	0	0	0	0	0
SRR21916229_R1_filtered.fastq.gz	0	0	0	0	0	0	3	0	0	0	0	0	0	0	0	0
SRR21916230_R1_filtered.fastq.gz	0	0	0	0	0	0	0	0	0	0	0	0	0	0	0	0
SRR21916231_R1_filtered.fastq.gz	0	0	0	0	0	0	0	3	0	0	0	0	0	0	0	0
SRR21916232_R1_filtered.fastq.gz	0	0	0	0	0	0	0	0	0	0	0	0	0	0	0	0
SRR21916233_R1_filtered.fastq.gz	0	0	0	0	0	0	0	0	0	0	0	0	0	0	0	0
SRR21916234_R1_filtered.fastq.gz	0	0	0	0	0	0	0	0	0	0	0	0	0	0	2	0
SRR21916235_R1_filtered.fastq.gz	0	0	0	0	0	0	0	0	0	0	0	0	0	0	0	0
SRR21916236_R1_filtered.fastq.gz	0	0	0	0	0	0	0	0	0	0	0	0	0	0	0	0
SRR21916237_R1_filtered.fastq.gz	0	0	0	0	0	0	0	0	3	0	0	0	0	0	0	2
